{
    "test1": {
		"id":0,
    	"cost":2.1,
    	"weight":4.1,
        "desciption":"dick and balls1",
		"count":1
    },
    "test2": {
		"id":1,
    	"cost":4,
    	"weight":6,
        "desciption":"dick and balls2",
		"count":1
    },
    "ASDFNA;SDLFJL": {
        "id":2,
    	"cost":19,
    	"weight":1,
        "desciption":"dick and balls3",
		"count":1
    },
    "pee pee": {
        "id":3,
    	"cost":10010,
    	"weight":0,
        "desciption":"dick and balls4",
		"count":2
    },

    "Item16": {
        "id":4,
    	"cost":94.7,
    	"weight":17,
        "desciption":"dick and balls5",
		"count":1
    }
}